{"cameraMode":{"drawMode":0,"name":"Shaded","section":"Shading Mode"},"sceneLighting":true,"audioPlay":false,"sceneViewState":{"m_AlwaysRefresh":false,"showFog":true,"showSkybox":true,"showFlares":true,"showImageEffects":true,"showParticleSystems":true,"showVisualEffectGraphs":true,"m_FxEnabled":true},"in2DMode":false,"pivot":{"x":0.35382580757141116,"y":1.7091240882873536,"z":0.5014019012451172},"rotation":{"x":0.2535781264305115,"y":-0.029883213341236116,"z":0.007835912518203259,"w":0.9668309688568115},"size":5.6660261154174809,"orthographic":false}